event_id,event_type,source_user_id,target_user_id,created_at,content,interaction_velocity_5m,account_age_days,historical_report_rate,is_duplicate,historical_feedback_risk,label_risky_event
evt-ai-0001,share,u158,u239,2026-05-15 02:10:51,,4,1047,0.1014,0,0,1
evt-ai-0002,like,u139,u208,2026-05-14 10:07:38,,25,1332,0.1782,0,0,0
evt-ai-0003,comment,u144,u203,2026-05-15 06:46:05,Me interesa,7,1116,0.0477,0,0,0
evt-ai-0001,comment,u114,u274,2026-05-15 10:33:41,Gracias por compartir,32,146,0.0463,1,0,1
evt-ai-0005,follow,u170,u242,2026-05-15 10:01:27,,32,416,0.0635,0,0,0
evt-ai-0005,follow,u150,u249,2026-05-14 17:22:46,,5,839,0.1814,1,0,1
evt-ai-0007,comment,,,2026-05-15 10:07:47,Gran publicacion,26,758,0.1297,0,0,1
evt-ai-0008,like,u181,u245,fecha-invalida,,43,229,0.1317,0,0,1
evt-ai-0009,reaction,u186,u244,2026-05-15 08:03:13,,35,1454,0.0858,0,0,1
evt-ai-0010,follow,u127,u249,fecha-invalida,,8,695,0.0908,0,0,1
evt-ai-0011,like,u116,u244,2026-05-14 17:49:30,,9,495,0.1653,0,0,0
evt-ai-0012,unknown,u102,u237,2026-05-14 10:45:27,,22,98,0.2726,0,0,1
evt-ai-0013,comment,u125,u201,2026-05-15 13:52:19,Buen dato,38,15,0.1281,0,1,1
evt-ai-0014,like,u155,u282,2026-05-15 04:43:43,,44,346,0.0193,0,1,1
evt-ai-0015,like,u146,u289,2026-05-14 13:29:12,,43,272,0.0865,0,1,1
evt-ai-0016,comment,u101,u269,2026-05-14 20:27:18,Buen dato,30,616,0.121,0,0,0
evt-ai-0017,like,u133,u253,fecha-invalida,,33,1312,0.1971,0,0,1
evt-ai-0018,follow,u111,u287,2026-05-15 00:52:39,,6,445,0.0503,0,0,0
evt-ai-0019,unknown,u107,u235,2026-05-15 06:05:43,evento externo,22,763,0.2583,0,0,1
evt-ai-0020,comment,u100,u286,2026-05-15 15:06:02,Gran publicacion,27,273,0.0829,0,0,0
evt-ai-0021,follow,u168,u254,2026-05-15 17:09:09,,42,1302,0.3838,0,1,1
evt-ai-0022,share,u167,u286,2026-05-14 23:11:18,evento externo,22,892,0.1547,0,0,1
evt-ai-0023,like,u110,u263,2026-05-14 13:49:16,,3,293,0.0411,0,0,0
evt-ai-0024,like,u144,u216,2026-05-14 11:33:29,,41,356,0.2853,0,1,1
evt-ai-0025,unknown,u104,u262,2026-05-15 14:05:18,,5,1202,0.0256,0,0,1
evt-ai-0026,reaction,u175,u241,2026-05-14 16:52:55,,29,375,0.0594,0,0,1
evt-ai-0027,follow,u121,u226,2026-05-15 09:32:34,,36,1424,0.1059,0,1,1
evt-ai-0028,comment,u156,u215,fecha-invalida,Gracias por compartir,2,304,0.1579,0,0,1
evt-ai-0029,unknown,u112,u215,2026-05-15 10:05:14,,37,668,0.0456,0,0,1
evt-ai-0030,follow,u142,,2026-05-15 00:16:23,,31,784,0.0644,0,0,1
evt-ai-0031,comment,u159,u282,2026-05-14 10:52:31,Gracias por compartir,10,1007,0.1801,0,0,0
evt-ai-0032,comment,u184,u266,2026-05-14 22:07:36,Buen dato,6,1095,0.0414,0,0,0
evt-ai-0033,reaction,u110,u279,2026-05-15 01:11:06,contenido no soportado,22,883,0.0423,0,0,1
evt-ai-0034,share,u182,u249,fecha-invalida,,5,67,0.0486,0,0,1
evt-ai-0035,like,u122,,fecha-invalida,,21,215,0.1183,0,0,1
evt-ai-0036,like,u172,,2026-05-14 09:54:27,,39,368,0.1499,0,0,1
evt-ai-0031,comment,u148,u267,2026-05-14 10:20:24,Me interesa,29,130,0.0667,1,0,1
evt-ai-0038,like,u155,u219,2026-05-15 07:39:09,,40,689,0.2,0,1,1
evt-ai-0039,like,u122,u285,2026-05-14 12:18:40,,25,453,0.0175,0,0,0
evt-ai-0040,like,u110,u285,2026-05-14 18:09:24,,13,141,0.0391,0,0,0
evt-ai-0041,like,u126,u237,2026-05-14 19:25:24,,22,712,0.1792,0,0,0
evt-ai-0042,comment,u149,u247,2026-05-15 01:18:34,Gracias por compartir,24,541,0.1063,0,0,0
evt-ai-0020,comment,u175,u203,2026-05-15 11:34:20,Gran publicacion,3,109,0.2057,1,0,1
evt-ai-0007,reaction,u137,u233,2026-05-15 06:29:55,evento externo,28,1003,0.3869,1,0,1
evt-ai-0045,comment,u118,u242,2026-05-14 18:57:11,Gran publicacion,33,249,0.2192,0,0,0
evt-ai-0046,share,u107,u203,2026-05-14 13:01:20,,20,1379,0.0304,0,0,1
evt-ai-0047,like,u124,u221,2026-05-15 15:02:47,,38,1266,0.1185,0,1,1
evt-ai-0048,comment,u176,u247,2026-05-14 08:43:52,Gracias por compartir,32,1279,0.1038,0,0,0
evt-ai-0049,unknown,u135,u256,fecha-invalida,contenido no soportado,1,509,0.1842,0,0,1
evt-ai-0050,follow,u163,u264,2026-05-15 04:40:42,,45,1205,0.1931,0,1,1
evt-ai-0051,follow,u172,u239,2026-05-14 17:55:33,,30,830,0.153,0,0,0
evt-ai-0052,share,u103,u286,2026-05-14 23:29:56,,23,1290,0.0109,0,0,1
evt-ai-0048,like,u104,u233,2026-05-14 15:49:04,,43,74,0.0471,1,0,1
evt-ai-0054,follow,u121,u277,2026-05-15 01:28:23,,20,7,0.0999,0,0,0
evt-ai-0055,reaction,u131,u281,2026-05-14 21:13:52,,14,674,0.0967,0,0,1
evt-ai-0056,comment,u169,u236,fecha-invalida,Me interesa,7,180,0.0112,0,0,1
evt-ai-0057,like,u127,u240,2026-05-15 02:40:56,,44,952,0.3084,0,1,1
evt-ai-0058,reaction,u129,u227,2026-05-15 03:41:29,,24,324,0.1614,0,0,1
evt-ai-0059,share,u152,u270,2026-05-15 17:09:24,,22,1425,0.0643,0,0,1
evt-ai-0057,unknown,u170,u246,2026-05-15 12:23:58,evento externo,2,1408,0.082,1,0,1
evt-ai-0008,comment,,,2026-05-15 00:56:20,Gran publicacion,41,1048,0.0382,1,0,1
evt-ai-0062,comment,u102,u229,2026-05-15 10:01:09,Me interesa,20,827,0.0229,0,0,0
evt-ai-0063,unknown,,u204,fecha-invalida,,39,1068,0.1003,0,0,1
evt-ai-0064,like,u155,u207,2026-05-15 03:40:23,,26,347,0.0059,0,0,0
evt-ai-0065,unknown,u150,u240,2026-05-15 11:26:33,,41,1477,0.1623,0,0,1
evt-ai-0066,like,u107,u266,2026-05-14 08:38:04,,16,576,0.0348,0,0,0
evt-ai-0067,like,u160,u262,2026-05-14 11:02:12,,3,260,0.0969,0,0,0
evt-ai-0068,follow,u179,,2026-05-14 17:06:22,,28,274,0.0379,0,0,1
evt-ai-0069,reaction,u175,u222,2026-05-15 15:25:14,,9,831,0.0867,0,0,1
evt-ai-0070,share,u101,u232,2026-05-15 16:47:03,contenido no soportado,43,142,0.1093,0,0,1
evt-ai-0071,like,u182,u230,2026-05-15 08:26:59,,22,1320,0.0961,0,0,0
evt-ai-0072,reaction,u162,u277,2026-05-15 04:53:19,,23,150,0.2483,0,0,1
evt-ai-0073,follow,u128,u251,2026-05-14 21:38:16,,27,578,0.2025,0,0,0
evt-ai-0074,follow,u104,u230,2026-05-14 09:54:05,,2,1433,0.0333,0,0,0
evt-ai-0075,like,u142,u211,2026-05-15 00:02:58,,3,13,0.2526,0,1,1
evt-ai-0076,reaction,u109,u288,2026-05-15 01:21:59,,16,1430,0.0202,0,0,1
evt-ai-0077,like,u114,u240,2026-05-15 12:23:51,,8,161,0.0414,0,0,0
evt-ai-0078,unknown,u136,u210,2026-05-15 03:08:36,,33,151,0.1182,0,0,1
evt-ai-0079,comment,u178,u248,2026-05-14 21:06:33,Me interesa,33,373,0.0095,0,0,0
evt-ai-0029,comment,u148,u232,2026-05-14 11:57:54,Gran publicacion,17,189,0.0862,1,0,1
evt-ai-0081,unknown,u100,u228,2026-05-15 11:37:29,,4,698,0.105,0,0,1
evt-ai-0082,comment,u182,u250,2026-05-15 09:07:55,Gran publicacion,42,514,0.058,0,1,1
evt-ai-0083,,u100,u225,2026-05-14 18:05:48,evento externo,18,688,0.0963,0,0,1
evt-ai-0084,follow,u159,u206,2026-05-15 15:40:07,,22,921,0.0118,0,0,0
evt-ai-0085,,u140,u247,2026-05-14 19:00:52,,8,454,0.177,0,0,1
evt-ai-0086,follow,u137,u236,fecha-invalida,,16,1045,0.1342,0,0,1
evt-ai-0087,like,u114,u270,2026-05-15 08:43:06,,43,1291,0.0297,0,1,1
evt-ai-0084,follow,u118,u249,2026-05-15 01:58:28,,32,1154,0.0035,1,0,1
evt-ai-0089,reaction,u136,u286,2026-05-15 15:48:54,contenido no soportado,8,1404,0.1186,0,0,1
evt-ai-0090,share,u183,u284,2026-05-15 09:29:20,,45,1496,0.1456,0,0,1
evt-ai-0091,comment,u125,u219,2026-05-15 12:41:08,Gracias por compartir,37,437,0.0668,0,1,1
evt-ai-0092,comment,u140,u289,2026-05-14 13:07:55,Buen dato,9,1419,0.2495,0,1,1
evt-ai-0093,reaction,u120,u259,2026-05-14 13:52:42,,38,864,0.0709,0,0,1
evt-ai-0094,like,u161,u265,2026-05-15 14:12:12,,6,1465,0.1819,0,0,0
evt-ai-0095,comment,u173,,2026-05-14 17:21:08,Buen dato,11,1124,0.0763,0,0,1
evt-ai-0096,like,u106,u220,2026-05-14 22:32:37,,1,131,0.0795,0,0,0
evt-ai-0097,follow,u140,u273,2026-05-14 21:43:10,,2,140,0.0775,0,0,0
evt-ai-0098,like,u119,u258,2026-05-14 11:57:49,,34,1443,0.1017,0,1,1
evt-ai-0099,comment,u182,u235,2026-05-15 16:31:11,Gran publicacion,40,1430,0.0021,0,1,1
evt-ai-0100,share,u133,u263,2026-05-15 04:03:07,contenido no soportado,3,1397,0.0094,0,0,1
evt-ai-0101,comment,u114,u228,2026-05-15 06:33:18,Me interesa,26,960,0.2084,0,0,0
evt-ai-0102,comment,u175,u284,2026-05-14 15:10:21,Me interesa,3,511,0.3546,0,1,1
evt-ai-0103,like,u158,u277,2026-05-15 07:18:50,,9,481,0.0253,0,0,0
evt-ai-0104,like,u108,u204,fecha-invalida,,6,690,0.0248,0,0,1
evt-ai-0105,comment,u142,u285,2026-05-15 10:52:22,Gran publicacion,26,1374,0.0764,0,0,0
evt-ai-0106,like,u158,u228,2026-05-15 10:44:07,,10,290,0.3057,0,1,1
evt-ai-0107,comment,u183,u269,2026-05-14 18:11:22,Buen dato,13,677,0.2248,0,1,1
evt-ai-0023,follow,u114,u287,2026-05-15 05:53:08,,18,1295,0.0621,1,0,1
evt-ai-0109,comment,u185,u209,2026-05-14 14:46:09,Hola,42,869,0.0617,0,1,1
evt-ai-0110,like,u141,u251,2026-05-14 19:01:25,,36,1405,0.072,0,1,1
evt-ai-0111,,u106,u286,2026-05-15 14:20:09,,39,282,0.0641,0,0,1
evt-ai-0112,comment,u138,,2026-05-14 22:27:13,Me interesa,6,178,0.1476,0,0,1
evt-ai-0113,like,u162,u256,2026-05-14 20:33:28,,31,171,0.0105,0,0,0
evt-ai-0114,like,u146,u285,2026-05-14 20:08:52,,9,608,0.1113,0,0,0
evt-ai-0115,follow,u103,u233,2026-05-15 15:57:24,,45,718,0.0935,0,1,1
evt-ai-0116,like,u100,,2026-05-15 10:22:33,,43,234,0.0724,0,0,1
evt-ai-0117,comment,u117,u217,2026-05-14 18:00:24,Hola,9,142,0.3001,0,1,1
evt-ai-0115,follow,u149,u286,fecha-invalida,,41,324,0.2235,1,0,1
evt-ai-0119,comment,u170,u217,2026-05-14 09:21:17,Hola,38,919,0.0956,0,1,1
evt-ai-0120,like,u121,u231,2026-05-14 10:06:39,,7,1400,0.0488,0,0,0
evt-ai-0121,reaction,u156,u285,2026-05-14 15:31:51,evento externo,5,708,0.1814,0,0,1
evt-ai-0122,follow,u114,u239,2026-05-15 15:13:29,,37,343,0.1584,0,1,1
evt-ai-0123,,u139,u208,2026-05-14 22:03:31,,22,1383,0.0847,0,0,1
evt-ai-0124,comment,u164,u205,2026-05-15 05:36:22,Hola,37,1080,0.0654,0,1,1
evt-ai-0125,,u163,u233,2026-05-15 00:51:31,contenido no soportado,37,554,0.0332,0,0,1
evt-ai-0126,reaction,u165,u224,2026-05-14 13:08:50,evento externo,44,1204,0.2325,0,0,1
evt-ai-0127,comment,u172,u213,2026-05-14 18:16:39,Buen dato,13,373,0.12,0,0,0
evt-ai-0128,comment,u139,u273,2026-05-14 20:01:37,Buen dato,11,510,0.104,0,0,0
evt-ai-0129,comment,u163,u227,2026-05-14 15:51:59,Hola,17,1352,0.0776,0,0,0
evt-ai-0130,reaction,u145,u271,2026-05-15 07:45:51,,35,122,0.0666,0,0,1
evt-ai-0131,share,u120,u206,2026-05-15 13:05:49,,39,1002,0.0677,0,0,1
evt-ai-0132,comment,u119,u215,2026-05-14 09:55:53,Buen dato,9,1121,0.0784,0,0,0
evt-ai-0133,unknown,u169,u212,2026-05-15 04:16:36,,45,1222,0.0488,0,0,1
evt-ai-0134,comment,u169,u266,2026-05-14 12:40:40,Hola,38,320,0.1758,0,1,1
evt-ai-0135,follow,u135,u214,2026-05-14 14:17:40,,17,355,0.0496,0,0,0
evt-ai-0136,comment,u121,u283,2026-05-15 08:19:37,Gran publicacion,12,1490,0.0628,0,0,0
evt-ai-0137,reaction,u148,u272,fecha-invalida,contenido no soportado,13,178,0.0845,0,0,1
evt-ai-0138,follow,u139,u270,2026-05-15 01:55:20,,8,317,0.2058,0,0,0
evt-ai-0139,like,u168,u210,2026-05-15 15:17:01,,36,239,0.0093,0,1,1
evt-ai-0140,like,u188,u221,2026-05-14 16:25:56,,14,755,0.0861,0,0,0
evt-ai-0141,like,u147,u230,2026-05-15 16:01:15,,36,681,0.0907,0,1,1
evt-ai-0142,comment,u155,u278,2026-05-15 10:15:35,Gran publicacion,13,775,0.0812,0,0,0
evt-ai-0083,share,u185,u202,2026-05-14 19:59:39,,33,481,0.1794,1,0,1
evt-ai-0144,like,u167,u247,fecha-invalida,,39,335,0.0945,0,0,1
evt-ai-0145,follow,u109,u257,2026-05-15 16:22:41,,17,1116,0.124,0,0,0
evt-ai-0146,like,u152,u223,fecha-invalida,,44,255,0.0443,0,0,1
evt-ai-0147,like,u102,u211,2026-05-15 07:29:08,,24,1241,0.0548,0,0,0
evt-ai-0131,comment,u131,u206,2026-05-15 09:30:02,Gran publicacion,19,1195,0.0688,1,0,1
evt-ai-0149,comment,u167,u219,2026-05-15 14:19:35,Me interesa,32,976,0.036,0,0,0
evt-ai-0150,follow,u155,u260,2026-05-15 12:10:52,,26,1024,0.0309,0,0,0
evt-ai-0073,follow,u174,u203,2026-05-14 21:39:45,,35,1442,0.2461,1,0,1
evt-ai-0152,comment,u146,,fecha-invalida,Hola,16,741,0.3011,0,0,1
evt-ai-0153,follow,u169,u263,2026-05-15 02:59:57,,2,324,0.0903,0,0,0
evt-ai-0154,like,u122,u281,2026-05-15 09:01:35,,43,751,0.1636,0,1,1
evt-ai-0155,,u189,u209,2026-05-15 12:39:56,,24,1083,0.1363,0,0,1
evt-ai-0156,reaction,u152,u271,2026-05-15 02:14:33,evento externo,15,956,0.1332,0,0,1
evt-ai-0144,like,u147,u276,fecha-invalida,,45,670,0.0228,1,0,1
evt-ai-0158,like,u102,u276,fecha-invalida,,5,234,0.0251,0,0,1
evt-ai-0159,follow,u181,u261,2026-05-14 14:45:34,,7,1347,0.0757,0,0,0
evt-ai-0160,like,u166,u204,2026-05-14 09:31:41,,5,529,0.1087,0,0,0
evt-ai-0161,comment,u109,u255,2026-05-15 04:17:10,Gracias por compartir,32,369,0.1123,0,0,0
evt-ai-0162,like,u183,u227,fecha-invalida,,42,778,0.106,0,0,1
evt-ai-0163,follow,u184,u255,2026-05-15 02:09:29,,22,626,0.2661,0,1,1
evt-ai-0164,,u128,u211,2026-05-15 10:10:36,,44,263,0.0133,0,0,1
evt-ai-0165,follow,u121,u242,2026-05-14 16:35:47,,42,187,0.0796,0,1,1
evt-ai-0166,comment,u102,u276,2026-05-15 12:05:27,Gracias por compartir,24,477,0.186,0,0,0
evt-ai-0167,follow,u111,,2026-05-14 18:57:24,,25,430,0.0685,0,0,1
evt-ai-0168,like,u158,u237,fecha-invalida,,1,679,0.1528,0,0,1
evt-ai-0169,comment,u176,u237,2026-05-15 10:05:38,Gracias por compartir,5,146,0.1085,0,0,0
evt-ai-0170,,u166,u203,2026-05-14 12:53:29,,25,805,0.0618,0,0,1
evt-ai-0171,like,u165,u285,2026-05-15 08:12:04,,45,399,0.0763,0,1,1
evt-ai-0172,comment,u177,,2026-05-15 07:48:43,Buen dato,19,1284,0.0774,0,0,1
evt-ai-0173,like,u161,u245,2026-05-14 16:46:57,,31,560,0.1125,0,0,0
evt-ai-0174,reaction,u138,u230,2026-05-14 12:07:52,contenido no soportado,23,831,0.1086,0,0,1
evt-ai-0175,like,u110,,2026-05-14 19:11:15,,38,800,0.0789,0,0,1
evt-ai-0176,like,u124,,2026-05-14 14:25:53,,13,410,0.1644,0,0,1
evt-ai-0177,,u131,u283,2026-05-15 09:28:41,,36,798,0.0471,0,0,1
evt-ai-0178,unknown,u127,u244,2026-05-15 09:40:10,,5,669,0.0083,0,0,1
evt-ai-0179,like,u188,u237,2026-05-15 09:13:56,,39,64,0.1546,0,1,1
evt-ai-0180,comment,u129,u204,2026-05-14 08:15:10,Me interesa,22,387,0.0515,0,0,0
evt-ai-0181,,u170,,2026-05-14 16:40:27,,42,790,0.1241,0,0,1
evt-ai-0182,follow,u105,u216,2026-05-14 10:15:03,,37,19,0.0836,0,1,1
evt-ai-0183,follow,u130,,2026-05-15 05:49:36,,23,664,0.0396,0,0,1
evt-ai-0184,comment,u185,,fecha-invalida,Buen dato,31,679,0.0636,0,0,1
evt-ai-0176,follow,u130,u240,2026-05-14 23:37:44,,5,1199,0.0102,1,0,1
evt-ai-0186,like,u133,u259,2026-05-14 14:33:55,,18,283,0.0824,0,0,0
evt-ai-0187,,u126,,2026-05-15 07:28:35,,42,1191,0.1184,0,0,1
evt-ai-0188,comment,u167,,2026-05-14 13:11:29,Gracias por compartir,38,1305,0.096,0,0,1
evt-ai-0189,follow,u177,u243,2026-05-14 14:16:12,,19,31,0.0283,0,0,0
evt-ai-0190,,,u263,2026-05-14 15:01:49,,10,462,0.2018,0,0,1
evt-ai-0191,comment,u142,,2026-05-15 09:24:22,Me interesa,5,487,0.0902,0,0,1
evt-ai-0192,comment,u131,u224,2026-05-14 12:26:16,Gran publicacion,5,1147,0.1072,0,0,0
evt-ai-0065,comment,u151,u274,2026-05-14 13:40:38,Me interesa,7,566,0.1746,1,0,1
evt-ai-0194,like,u146,,fecha-invalida,,43,433,0.1137,0,0,1
evt-ai-0195,follow,u121,,2026-05-15 10:31:03,,20,428,0.2221,0,0,1
evt-ai-0196,follow,u182,u261,2026-05-14 09:21:23,,35,395,0.1337,0,1,1
evt-ai-0068,reaction,u113,u219,2026-05-15 08:56:08,contenido no soportado,21,1041,0.0337,1,0,1
evt-ai-0198,like,u176,u253,2026-05-15 04:23:41,,16,1135,0.0039,0,0,0
evt-ai-0199,share,u153,u262,2026-05-15 10:51:32,,34,585,0.0031,0,0,1
evt-ai-0200,follow,u182,u243,2026-05-14 13:06:25,,16,161,0.242,0,1,1
evt-ai-0201,follow,u181,u209,2026-05-15 07:03:41,,4,84,0.1014,0,0,0
evt-ai-0098,follow,u117,u259,2026-05-14 21:28:33,,19,656,0.0728,1,0,1
evt-ai-0203,follow,u168,u252,2026-05-15 12:08:29,,16,987,0.2145,0,0,0
evt-ai-0204,reaction,u147,u249,2026-05-14 09:11:40,,18,889,0.0078,0,0,1
evt-ai-0205,comment,u165,u223,2026-05-14 09:14:10,Buen dato,15,76,0.0589,0,0,0
evt-ai-0206,comment,u173,u275,2026-05-15 08:53:24,Gracias por compartir,37,1205,0.025,0,1,1
evt-ai-0207,comment,u173,u217,2026-05-15 13:21:04,Gran publicacion,29,1025,0.182,0,0,0
evt-ai-0208,comment,u141,u278,2026-05-15 10:56:15,Gran publicacion,12,146,0.0234,0,0,0
evt-ai-0031,follow,u133,u226,2026-05-14 09:10:33,,42,652,0.1499,1,0,1
evt-ai-0210,follow,u186,u215,2026-05-14 20:34:33,,36,215,0.0811,0,1,1
evt-ai-0211,,u139,,2026-05-15 02:06:37,,14,826,0.495,0,0,1
evt-ai-0212,like,u173,,2026-05-14 20:34:26,,28,1018,0.1976,0,0,1
evt-ai-0213,follow,u101,u257,fecha-invalida,,34,714,0.1462,0,0,1
evt-ai-0214,like,u164,u217,2026-05-15 12:46:08,,16,6,0.0755,0,0,0
evt-ai-0022,comment,u111,u265,2026-05-14 12:48:18,Hola,23,134,0.128,1,0,1
evt-ai-0216,follow,u172,u220,2026-05-14 20:32:49,,36,1000,0.0126,0,1,1
evt-ai-0217,share,u177,u282,2026-05-15 15:59:11,,41,1365,0.3189,0,0,1
evt-ai-0218,like,u152,u244,2026-05-15 11:32:19,,38,1332,0.107,0,1,1
evt-ai-0219,follow,u168,u225,2026-05-14 17:42:06,,39,398,0.0898,0,1,1
evt-ai-0220,follow,u106,u240,2026-05-14 14:06:23,,41,1391,0.0881,0,1,1
evt-ai-0221,share,u144,u235,2026-05-15 10:07:57,,34,863,0.0135,0,0,1
evt-ai-0222,follow,u173,u205,2026-05-15 10:41:09,,16,982,0.2746,0,1,1
evt-ai-0223,comment,u114,u285,2026-05-15 13:11:28,Buen dato,18,91,0.169,0,0,0
evt-ai-0224,follow,u102,u234,2026-05-14 18:01:25,,33,1219,0.0354,0,0,0
evt-ai-0225,like,u122,u202,2026-05-14 15:32:47,,39,1443,0.0832,0,1,1
evt-ai-0226,like,u122,u266,2026-05-15 03:46:47,,38,1178,0.1077,0,1,1
evt-ai-0227,like,u141,u205,2026-05-15 07:33:23,,24,386,0.1197,0,0,0
evt-ai-0228,like,u169,u244,2026-05-15 01:31:19,,45,50,0.2892,0,1,1
evt-ai-0229,comment,u160,u239,2026-05-14 17:28:33,Gracias por compartir,34,1379,0.1378,0,1,1
evt-ai-0230,share,u114,,2026-05-14 15:21:03,,10,1132,0.026,0,0,1
evt-ai-0231,like,u131,u268,2026-05-15 06:53:41,,32,359,0.0681,0,0,0
evt-ai-0232,follow,u147,u256,2026-05-15 05:19:50,,39,530,0.0183,0,1,1
evt-ai-0233,follow,u129,u271,2026-05-14 13:31:30,,9,1356,0.1056,0,0,0
evt-ai-0234,comment,u109,u283,2026-05-15 06:38:17,Gracias por compartir,13,1013,0.2549,0,1,1
evt-ai-0235,like,u177,u240,fecha-invalida,,25,695,0.1906,0,0,1
evt-ai-0236,comment,u138,u268,2026-05-14 21:43:20,Buen dato,35,315,0.1211,0,1,1
evt-ai-0237,share,u128,u224,2026-05-14 22:23:21,,43,1436,0.16,0,0,1
evt-ai-0238,follow,u126,u283,2026-05-14 19:00:55,,11,55,0.2494,0,1,1
evt-ai-0239,like,,u211,2026-05-14 11:07:07,,8,293,0.1309,0,0,1
evt-ai-0240,like,u179,u288,2026-05-14 22:15:03,,26,927,0.0274,0,0,0
evt-ai-0241,comment,u189,u260,2026-05-14 19:00:29,Gracias por compartir,14,1452,0.167,0,0,0
evt-ai-0242,like,u113,u222,2026-05-14 09:08:56,,39,1317,0.0946,0,1,1
evt-ai-0038,follow,u146,,2026-05-15 16:53:15,,26,312,0.2132,1,0,1
evt-ai-0244,like,u111,u273,2026-05-14 14:15:45,,45,253,0.0991,0,1,1
evt-ai-0245,unknown,u113,,2026-05-15 14:53:53,contenido no soportado,31,236,0.0999,0,0,1
evt-ai-0246,comment,u148,u275,2026-05-15 06:40:06,Buen dato,8,861,0.2045,0,0,0
evt-ai-0247,follow,u163,,2026-05-15 04:27:12,,40,262,0.0818,0,0,1
evt-ai-0248,follow,u154,u271,2026-05-15 04:38:23,,42,1233,0.1613,0,1,1
evt-ai-0249,follow,u174,u242,2026-05-15 08:51:21,,12,422,0.2723,0,1,1
evt-ai-0250,share,u140,u262,2026-05-15 15:36:17,,32,1155,0.0277,0,0,1
evt-ai-0251,like,u176,u277,2026-05-15 14:22:54,,1,904,0.1087,0,0,0
evt-ai-0252,like,u100,u251,2026-05-14 20:39:26,,29,1347,0.0479,0,0,0
evt-ai-0253,like,u118,u279,2026-05-14 15:40:54,,22,147,0.1115,0,0,0
evt-ai-0254,comment,u153,u212,fecha-invalida,Buen dato,8,1325,0.3985,0,0,1
evt-ai-0255,follow,u173,,2026-05-15 14:13:36,,40,18,0.0448,0,0,1
evt-ai-0256,share,u148,u228,fecha-invalida,contenido no soportado,21,1119,0.1405,0,0,1
evt-ai-0257,comment,u155,u223,2026-05-15 15:46:24,Gran publicacion,8,1408,0.0178,0,0,0
evt-ai-0258,unknown,u125,u227,2026-05-15 05:52:53,contenido no soportado,33,894,0.2602,0,0,1
evt-ai-0051,comment,u171,u240,fecha-invalida,Gran publicacion,9,1026,0.0412,1,0,1
evt-ai-0260,share,u164,u251,2026-05-14 10:14:51,,4,1166,0.0814,0,0,1
evt-ai-0261,reaction,u164,,2026-05-15 09:52:38,evento externo,8,898,0.0256,0,0,1
evt-ai-0262,,u188,u284,2026-05-15 04:01:36,,7,117,0.0599,0,0,1
evt-ai-0263,,u143,u261,fecha-invalida,evento externo,40,1108,0.0702,0,0,1
evt-ai-0264,follow,u113,u277,2026-05-15 03:17:43,,7,215,0.1633,0,0,0
evt-ai-0265,like,u108,,fecha-invalida,,42,806,0.1141,0,0,1
evt-ai-0266,like,u156,,2026-05-15 11:51:32,,8,1052,0.1435,0,0,1
evt-ai-0267,share,u124,u203,2026-05-14 12:38:00,,35,283,0.1014,0,0,1
evt-ai-0268,like,u146,u214,2026-05-14 12:24:03,,1,199,0.1164,0,0,0
evt-ai-0269,follow,u110,u226,fecha-invalida,,16,423,0.1544,0,0,1
evt-ai-0270,like,u172,u227,2026-05-15 16:36:57,,13,848,0.1944,0,0,0
evt-ai-0271,unknown,u168,u229,2026-05-15 03:49:31,,7,469,0.0851,0,0,1
evt-ai-0272,follow,u142,,2026-05-15 04:40:20,,2,414,0.1835,0,0,1
evt-ai-0273,follow,u164,u249,2026-05-15 00:13:57,,23,357,0.3369,0,1,1
evt-ai-0009,,u107,u264,2026-05-14 14:24:53,,3,309,0.1979,1,0,1
evt-ai-0275,like,u166,u208,2026-05-14 18:22:26,,4,1188,0.1025,0,0,0
evt-ai-0276,comment,u152,u220,2026-05-14 17:09:56,Gran publicacion,43,725,0.0796,0,1,1
evt-ai-0277,comment,u166,u273,fecha-invalida,Buen dato,8,288,0.1102,0,0,1
evt-ai-0278,like,u102,u229,2026-05-15 12:47:28,,10,744,0.027,0,0,0
evt-ai-0279,comment,u153,u262,2026-05-15 08:11:31,Buen dato,27,1042,0.0861,0,0,0
evt-ai-0280,like,u138,u259,2026-05-14 23:09:51,,42,790,0.0887,0,1,1
evt-ai-0281,unknown,u147,,2026-05-15 07:17:16,,7,596,0.1992,0,0,1
evt-ai-0282,like,u147,u275,2026-05-15 17:15:13,,20,786,0.1679,0,0,0
evt-ai-0283,comment,u112,u248,2026-05-14 11:39:27,Gran publicacion,22,450,0.0319,0,0,0
evt-ai-0025,like,u136,u231,2026-05-14 13:02:11,,24,1017,0.0776,1,0,1
evt-ai-0285,comment,u150,u239,2026-05-15 07:18:36,Buen dato,20,11,0.0037,0,0,0
evt-ai-0023,comment,u168,u284,2026-05-15 10:23:41,Hola,2,1038,0.0621,1,0,1
evt-ai-0287,comment,u142,u271,2026-05-14 17:36:23,Buen dato,1,580,0.1379,0,0,0
evt-ai-0288,follow,u142,u236,2026-05-15 14:07:41,,17,830,0.0828,0,0,0
evt-ai-0289,follow,u150,u217,2026-05-15 06:32:47,,34,329,0.2606,0,1,1
evt-ai-0290,share,u130,u235,2026-05-14 23:28:12,,41,622,0.2134,0,0,1
evt-ai-0291,unknown,u125,u254,2026-05-15 16:22:31,,32,368,0.0966,0,0,1
evt-ai-0292,like,u153,,fecha-invalida,,36,759,0.071,0,0,1
evt-ai-0293,follow,u114,u226,2026-05-14 15:36:35,,36,912,0.0511,0,1,1
evt-ai-0294,comment,u137,u243,2026-05-14 11:48:53,Hola,45,242,0.1899,0,1,1
evt-ai-0295,comment,u146,u263,2026-05-15 14:09:00,Gracias por compartir,23,114,0.1261,0,0,0
evt-ai-0296,like,u120,,2026-05-15 04:52:48,,41,669,0.0488,0,0,1
evt-ai-0297,follow,u136,u235,2026-05-15 10:41:25,,42,1350,0.1088,0,1,1
evt-ai-0298,like,u142,u289,2026-05-15 09:44:37,,26,1305,0.0884,0,0,0
evt-ai-0299,like,u100,u222,2026-05-14 14:37:54,,12,919,0.331,0,1,1
evt-ai-0300,like,u175,u228,2026-05-15 14:29:16,,13,1447,0.144,0,0,0
evt-ai-0301,like,u157,u218,2026-05-15 16:10:17,,5,1131,0.0532,0,0,0
evt-ai-0302,like,u164,u202,2026-05-15 15:25:41,,6,1224,0.0385,0,0,0
evt-ai-0303,comment,u118,u248,2026-05-14 21:03:52,Buen dato,35,477,0.1638,0,1,1
evt-ai-0304,comment,u121,u230,2026-05-14 20:26:31,Buen dato,16,193,0.052,0,0,0
evt-ai-0305,follow,u128,,2026-05-14 09:46:40,,13,1316,0.3968,0,0,1
evt-ai-0013,follow,u131,u234,fecha-invalida,,31,59,0.0094,1,0,1
evt-ai-0307,reaction,u107,u221,2026-05-15 15:55:28,,45,1027,0.0495,0,0,1
evt-ai-0308,share,u189,u279,2026-05-15 08:20:31,,39,572,0.1827,0,0,1
evt-ai-0309,share,u176,u286,2026-05-15 09:13:50,contenido no soportado,32,152,0.0756,0,0,1
evt-ai-0310,share,u171,u239,2026-05-15 12:32:59,contenido no soportado,9,41,0.0955,0,0,1
evt-ai-0311,comment,u168,u240,2026-05-14 23:29:12,Gran publicacion,34,947,0.0087,0,1,1
evt-ai-0312,like,u172,u205,2026-05-14 23:38:13,,20,1186,0.084,0,0,0
evt-ai-0313,comment,u171,u244,2026-05-14 14:29:47,Gracias por compartir,28,118,0.1226,0,0,0
evt-ai-0314,like,u186,u283,2026-05-15 07:16:17,,16,931,0.0447,0,0,0
evt-ai-0315,comment,u101,u224,2026-05-14 14:53:15,Gran publicacion,1,410,0.0337,0,0,0
evt-ai-0316,follow,u175,u212,2026-05-14 21:54:34,,40,847,0.1016,0,1,1
evt-ai-0317,follow,u156,u250,2026-05-15 08:05:52,,2,823,0.0761,0,0,0
evt-ai-0318,comment,u125,u226,2026-05-15 06:51:11,Gran publicacion,20,1069,0.0742,0,0,0
evt-ai-0319,comment,u133,u265,2026-05-14 15:52:32,Gracias por compartir,32,774,0.0556,0,0,0
evt-ai-0320,comment,u160,u263,2026-05-14 23:39:55,Me interesa,4,24,0.0962,0,0,0
